<?xml version="1.0" encoding="UTF-8"?>
<configuration debug="false" scan="false" scanPeriod="60 seconds">
    <property name="LOG_HOME" value="./logs/logback"/>
    <property name="appName" value="lzy-logDemo"/>

    <!-- 定义控制台输出 -->
    <appender name="stdout" class="ch.qos.logback.core.ConsoleAppender">
        <layout class="ch.qos.logback.classic.PatternLayout">
            <pattern>%d{yyyy-MM-dd HH:mm:ss} - %-5level - %logger{50} - %msg%n</pattern>
        </layout>
    </appender>

    <appender name="appLogAppender" class="ch.qos.logback.core.rolling.RollingFileAppender">
        <!-- 指定日志文件的名称 -->
        <file>${LOG_HOME}/${appName}.log</file>

        <rollingPolicy class="ch.qos.logback.core.rolling.TimeBasedRollingPolicy">
            <fileNamePattern>${LOG_HOME}/${appName}-%d{yyyy-MM-dd}-%i.log</fileNamePattern>
            <MaxHistory>30</MaxHistory>
            <timeBasedFileNamingAndTriggeringPolicy class="ch.qos.logback.core.rolling.SizeAndTimeBasedFNATP">
                <MaxFileSize>10MB</MaxFileSize>
            </timeBasedFileNamingAndTriggeringPolicy>
        </rollingPolicy>

        <layout class="ch.qos.logback.classic.PatternLayout">
            <pattern>%d{yyyy-MM-dd HH:mm:ss.SSS} [ %thread ] - [ %-5level ] [ %logger{50} : %line ] - %msg%n</pattern>
        </layout>
    </appender>


    <!-- 日志输出级别 -->
    <logger name="org.springframework" level="INFO"  additivity="false"/>
    <logger name="com.lzy.logdemo" level="INFO"/>
    <root level="INFO">
        <appender-ref ref="stdout"/>
<!--        <appender-ref ref="appLogAppender"/>-->
    </root>
</configuration>